X Filtered Pixel; Y Filtered Pixel; X Filtered Normalized; Y Filtered Normalized; X Raw Normalized; Y Raw Normalized; Distance to Camera in mm; Eye Aspect Ratio (Height/Width); Blinking; Timestamp With Milliseconds; Unix Timestamp In Milliseconds; AOI List; Additional Notes
822;410;0.7112784;0.6916977;0.7237861;0.719577;428.9;0.2209699;False;14/04/2026 3:34:55 PM:477;1776144895477;;
822;411;0.7116442;0.6921832;0.721513;0.7173709;428.3;0.2213054;False;14/04/2026 3:34:55 PM:501;1776144895501;;
822;411;0.7116062;0.6924661;0.7106313;0.7064007;427.7;0.2219774;False;14/04/2026 3:34:55 PM:523;1776144895523;;
822;411;0.7118819;0.6927586;0.7263724;0.7222817;427.2;0.2231144;False;14/04/2026 3:34:55 PM:543;1776144895543;;
823;411;0.7119436;0.6929992;0.714218;0.7100367;426.7;0.2229598;False;14/04/2026 3:34:55 PM:564;1776144895564;;
823;411;0.7121111;0.693237;0.7206481;0.7160475;428.4;0.2204637;False;14/04/2026 3:34:55 PM:585;1776144895585;;
823;411;0.7122521;0.6934388;0.7206561;0.716056;429.9;0.2207341;False;14/04/2026 3:34:55 PM:606;1776144895606;;
823;412;0.7123691;0.6936076;0.7206542;0.716054;431.3;0.2206701;False;14/04/2026 3:34:55 PM:626;1776144895626;;
793;404;0.686483;0.6801966;0.5382366;0.5322224;430.1;0.2325212;False;14/04/2026 3:34:55 PM:648;1776144895648;;
769;397;0.6655166;0.6685784;0.530999;0.5249482;429.0;0.2327022;False;14/04/2026 3:34:55 PM:669;1776144895669;;
753;392;0.6515075;0.6603516;0.5382385;0.5322242;428.1;0.2325266;False;14/04/2026 3:34:55 PM:690;1776144895690;;
737;387;0.6379694;0.6520049;0.5309816;0.5249307;427.2;0.2326403;False;14/04/2026 3:34:55 PM:711;1776144895711;;
725;383;0.6276882;0.6453416;0.5324231;0.5263998;426.6;0.2287366;False;14/04/2026 3:34:55 PM:732;1776144895732;;
716;380;0.6198981;0.6401135;0.5302546;0.5242199;426.1;0.2290922;False;14/04/2026 3:34:55 PM:752;1776144895752;;
708;377;0.613018;0.6353182;0.5302606;0.524226;425.6;0.2291775;False;14/04/2026 3:34:55 PM:772;1776144895772;;
699;374;0.6049224;0.6296718;0.5152117;0.5090944;424.1;0.2215759;False;14/04/2026 3:34:55 PM:795;1776144895795;;
692;371;0.5990322;0.6254286;0.5152301;0.5091128;422.7;0.2218328;False;14/04/2026 3:34:55 PM:814;1776144895814;;
686;369;0.594014;0.6217188;0.514269;0.5081452;421.5;0.2219847;False;14/04/2026 3:34:55 PM:832;1776144895832;;
686;369;0.5940559;0.6215722;0.5982876;0.5925564;423.3;0.2227053;False;14/04/2026 3:34:55 PM:855;1776144895855;;
686;369;0.594088;0.6214598;0.5983098;0.5925789;425.0;0.2227946;False;14/04/2026 3:34:55 PM:874;1776144895874;;
686;369;0.5941646;0.6213294;0.6017778;0.5960627;426.4;0.2229714;False;14/04/2026 3:34:55 PM:895;1776144895895;;
698;371;0.6046627;0.6253593;0.7058815;0.7006524;427.4;0.2119432;False;14/04/2026 3:34:55 PM:917;1776144895917;;
707;373;0.6119584;0.6282622;0.7059497;0.7007218;428.3;0.2122339;False;14/04/2026 3:34:55 PM:936;1776144895936;;
717;375;0.6203494;0.631821;0.7130104;0.7078893;429.1;0.2124106;False;14/04/2026 3:34:55 PM:959;1776144895959;;
722;376;0.6249181;0.6337297;0.6990268;0.6937284;428.6;0.2299166;False;14/04/2026 3:34:55 PM:981;1776144895981;;
727;377;0.6297361;0.6358752;0.711786;0.7066057;428.3;0.2308707;False;14/04/2026 3:34:56 PM:1;1776144896001;;
733;378;0.6340903;0.6378656;0.711781;0.7066006;427.9;0.2307786;False;14/04/2026 3:34:56 PM:22;1776144896022;;
736;379;0.6374042;0.639399;0.7069641;0.7017177;427.6;0.23054;False;14/04/2026 3:34:56 PM:43;1776144896043;;
739;380;0.6394652;0.6403548;0.6992844;0.6940162;427.0;0.2284772;False;14/04/2026 3:34:56 PM:64;1776144896064;;
740;380;0.6409434;0.6410446;0.6956633;0.6903878;426.6;0.2287474;False;14/04/2026 3:34:56 PM:85;1776144896085;;
742;381;0.6424748;0.6417742;0.7000903;0.6948285;426.1;0.2285805;False;14/04/2026 3:34:56 PM:106;1776144896106;;
744;381;0.6437101;0.6423656;0.697454;0.692134;425.1;0.2307847;False;14/04/2026 3:34:56 PM:127;1776144896127;;
745;381;0.6447201;0.642854;0.6974885;0.6921688;424.3;0.2309198;False;14/04/2026 3:34:56 PM:149;1776144896149;;
746;382;0.6456283;0.6432973;0.6974962;0.6921766;423.4;0.2309519;False;14/04/2026 3:34:56 PM:169;1776144896169;;
746;382;0.6457766;0.6433676;0.6739432;0.6685712;425.1;0.2240805;False;14/04/2026 3:34:56 PM:192;1776144896192;;
746;382;0.6458936;0.6434235;0.6739464;0.6685745;426.6;0.2240922;False;14/04/2026 3:34:56 PM:212;1776144896212;;
746;382;0.6459958;0.6434726;0.6740373;0.6686656;427.9;0.2244124;False;14/04/2026 3:34:56 PM:233;1776144896233;;
747;382;0.6462132;0.6435629;0.6599367;0.6545103;429.7;0.2271957;False;14/04/2026 3:34:56 PM:254;1776144896254;;
747;382;0.64638;0.6436327;0.6599653;0.654539;431.2;0.2274348;False;14/04/2026 3:34:56 PM:274;1776144896274;;
747;382;0.646535;0.6436979;0.6599729;0.6545468;432.7;0.2274995;False;14/04/2026 3:34:56 PM:293;1776144896293;;
747;382;0.6466204;0.6437399;0.6756506;0.6702914;433.0;0.2148365;False;14/04/2026 3:34:56 PM:316;1776144896316;;
747;382;0.6467364;0.6437926;0.6647612;0.6593519;433.2;0.2149825;False;14/04/2026 3:34:56 PM:335;1776144896335;;
747;382;0.6468477;0.6438433;0.6648068;0.6593976;433.5;0.2151739;False;14/04/2026 3:34:56 PM:356;1776144896356;;
748;382;0.6477724;0.6443034;0.6930928;0.6877769;433.5;0.2130581;False;14/04/2026 3:34:56 PM:379;1776144896379;;
749;382;0.6484522;0.6446444;0.6931624;0.6878468;433.5;0.2133338;False;14/04/2026 3:34:56 PM:398;1776144896398;;
751;383;0.6497343;0.6452985;0.7045044;0.6992348;433.6;0.2135232;False;14/04/2026 3:34:56 PM:419;1776144896419;;
751;383;0.6502307;0.6455531;0.6931743;0.6878588;433.6;0.2133826;False;14/04/2026 3:34:56 PM:439;1776144896439;;
754;384;0.6524943;0.646749;0.7194056;0.7145069;434.3;0.1953702;False;14/04/2026 3:34:56 PM:460;1776144896460;;
756;384;0.6544026;0.6477717;0.7194164;0.714518;434.9;0.1957;False;14/04/2026 3:34:56 PM:482;1776144896482;;
758;385;0.6560618;0.6486724;0.7194067;0.7145081;435.4;0.1954035;False;14/04/2026 3:34:56 PM:503;1776144896503;;
758;385;0.6565374;0.6489474;0.7042066;0.6995406;435.5;0.1964869;False;14/04/2026 3:34:56 PM:525;1776144896525;;
759;385;0.6570796;0.649259;0.707433;0.7028231;435.6;0.1967432;False;14/04/2026 3:34:56 PM:545;1776144896545;;
760;385;0.6575704;0.6495426;0.7074329;0.702823;435.7;0.196747;False;14/04/2026 3:34:56 PM:566;1776144896566;;
765;387;0.6622386;0.6521394;0.754785;0.7506164;434.5;0.2202234;False;14/04/2026 3:34:56 PM:587;1776144896587;;
769;388;0.6659489;0.6542426;0.7567035;0.752586;433.4;0.2204317;False;14/04/2026 3:34:56 PM:607;1776144896607;;
774;390;0.670181;0.656682;0.7634012;0.7593921;432.5;0.220535;False;14/04/2026 3:34:56 PM:627;1776144896627;;
775;390;0.67124;0.6573284;0.7348537;0.7305704;431.7;0.2257493;False;14/04/2026 3:34:56 PM:649;1776144896649;;
777;390;0.6722412;0.6579428;0.7369289;0.7327198;431.0;0.2260383;False;14/04/2026 3:34:56 PM:669;1776144896669;;
778;391;0.6730915;0.6584682;0.7369317;0.7327228;430.4;0.2261619;False;14/04/2026 3:34:56 PM:689;1776144896689;;
778;391;0.6734339;0.6586862;0.7123258;0.7081453;429.5;0.230468;False;14/04/2026 3:34:56 PM:710;1776144896710;;
778;391;0.6737387;0.6588814;0.7123314;0.7081506;428.7;0.23015;False;14/04/2026 3:34:56 PM:733;1776144896733;;
779;391;0.6739804;0.6590369;0.7123244;0.7081438;428.0;0.2305501;False;14/04/2026 3:34:56 PM:753;1776144896753;;
779;391;0.6744127;0.6593647;0.6971327;0.6927038;427.4;0.2301084;False;14/04/2026 3:34:56 PM:775;1776144896775;;
779;391;0.6746911;0.6595601;0.7043788;0.7000576;426.9;0.2305726;False;14/04/2026 3:34:56 PM:793;1776144896793;;
780;391;0.6749468;0.6597405;0.7043812;0.7000601;426.4;0.2306677;False;14/04/2026 3:34:56 PM:814;1776144896814;;
780;391;0.6752036;0.6599228;0.7043756;0.700054;426.0;0.2304372;False;14/04/2026 3:34:56 PM:837;1776144896837;;
780;392;0.6754253;0.6600836;0.7041733;0.6996908;425.0;0.2249763;False;14/04/2026 3:34:56 PM:858;1776144896858;;
780;392;0.6754606;0.6601107;0.7106333;0.7061908;424.1;0.2256395;False;14/04/2026 3:34:56 PM:878;1776144896878;;
780;392;0.6754943;0.6601366;0.710637;0.7061944;423.3;0.2254725;False;14/04/2026 3:34:56 PM:900;1776144896900;;
755;385;0.6533483;0.6485401;0.5200471;0.5139645;423.2;0.2184066;False;14/04/2026 3:34:56 PM:922;1776144896922;;
734;379;0.6357622;0.6387359;0.5143809;0.5082666;423.0;0.2189395;False;14/04/2026 3:34:56 PM:942;1776144896942;;
719;374;0.6219983;0.6306189;0.5143645;0.5082501;422.9;0.2187259;False;14/04/2026 3:34:56 PM:962;1776144896962;;
706;370;0.6111432;0.6238757;0.515898;0.5098134;423.4;0.2143442;False;14/04/2026 3:34:56 PM:983;1776144896983;;
696;367;0.6027383;0.6184223;0.5158947;0.50981;423.8;0.2144978;False;14/04/2026 3:34:57 PM:2;1776144897002;;
688;364;0.5958382;0.6137666;0.515896;0.5098113;424.2;0.2144375;False;14/04/2026 3:34:57 PM:22;1776144897022;;
682;362;0.5900978;0.6097541;0.5158962;0.5098116;424.5;0.2144245;False;14/04/2026 3:34:57 PM:43;1776144897043;;
678;360;0.5866179;0.6071039;0.5295814;0.5235363;423.0;0.2258573;False;14/04/2026 3:34:57 PM:65;1776144897065;;
674;359;0.5837044;0.6048273;0.5296866;0.5236472;421.5;0.2259624;False;14/04/2026 3:34:57 PM:86;1776144897086;;
671;358;0.5812225;0.602854;0.5288931;0.5228462;420.3;0.2257814;False;14/04/2026 3:34:57 PM:108;1776144897108;;
667;356;0.5775616;0.6000893;0.5145236;0.5084146;421.1;0.2141121;False;14/04/2026 3:34:57 PM:131;1776144897131;;
664;355;0.5748111;0.597967;0.5145228;0.5084137;421.8;0.2141194;False;14/04/2026 3:34:57 PM:152;1776144897152;;
661;354;0.5723318;0.5960147;0.5145204;0.5084115;422.4;0.2141406;False;14/04/2026 3:34:57 PM:174;1776144897174;;
666;354;0.5765354;0.5971458;0.6311892;0.6256299;423.1;0.2175521;False;14/04/2026 3:34:57 PM:200;1776144897200;;
671;355;0.580517;0.5984599;0.6455892;0.6400676;423.7;0.2180786;False;14/04/2026 3:34:57 PM:220;1776144897220;;
674;356;0.5834286;0.5993714;0.6379827;0.6324406;424.3;0.2181232;False;14/04/2026 3:34:57 PM:239;1776144897239;;
674;355;0.5833382;0.5992212;0.5731977;0.5673598;425.8;0.2241216;False;14/04/2026 3:34:57 PM:262;1776144897262;;
674;355;0.5832381;0.599066;0.5720606;0.5662198;427.1;0.2242957;False;14/04/2026 3:34:57 PM:284;1776144897284;;
674;355;0.5831716;0.5989541;0.5731983;0.5673603;428.3;0.2241277;False;14/04/2026 3:34:57 PM:304;1776144897304;;
670;354;0.5800235;0.5966958;0.5209323;0.5148641;427.4;0.2229911;False;14/04/2026 3:34:57 PM:327;1776144897327;;
667;353;0.577477;0.5948297;0.5209323;0.5148641;426.6;0.2229894;False;14/04/2026 3:34:57 PM:348;1776144897348;;
665;352;0.5753738;0.5932597;0.5209321;0.514864;425.9;0.2229999;False;14/04/2026 3:34:57 PM:368;1776144897368;;
658;350;0.5698929;0.5895099;0.4897552;0.4835586;425.9;0.2181231;False;14/04/2026 3:34:57 PM:393;1776144897393;;
653;348;0.5654845;0.5864599;0.4847766;0.4785586;426.0;0.2181136;False;14/04/2026 3:34:57 PM:412;1776144897412;;
650;347;0.5626267;0.5843918;0.4923191;0.4861341;426.0;0.2182246;False;14/04/2026 3:34:57 PM:432;1776144897432;;
657;348;0.5685255;0.5864339;0.6394866;0.6339685;425.3;0.2153879;False;14/04/2026 3:34:57 PM:452;1776144897452;;
664;349;0.5749721;0.588937;0.6531071;0.6476458;424.6;0.2154594;False;14/04/2026 3:34:57 PM:472;1776144897472;;
670;351;0.5801837;0.5910285;0.6531093;0.647648;424.1;0.2154312;False;14/04/2026 3:34:57 PM:491;1776144897491;;
680;353;0.588848;0.5949473;0.6812432;0.6758562;424.8;0.2152593;False;14/04/2026 3:34:57 PM:512;1776144897512;;
688;355;0.5957557;0.5981894;0.6812348;0.6758476;425.5;0.2152891;False;14/04/2026 3:34:57 PM:533;1776144897533;;
695;356;0.6013741;0.6009133;0.6812453;0.6758581;426.1;0.2152525;False;14/04/2026 3:34:57 PM:553;1776144897553;;
700;358;0.6062711;0.6033606;0.6812331;0.675846;426.6;0.2152944;False;14/04/2026 3:34:57 PM:574;1776144897574;;
707;360;0.6121421;0.6064098;0.6946511;0.6893241;426.8;0.2279946;False;14/04/2026 3:34:57 PM:596;1776144897596;;
713;361;0.6169814;0.6089941;0.6988648;0.6935737;426.9;0.2283638;False;14/04/2026 3:34:57 PM:616;1776144897616;;
718;363;0.6211897;0.6112992;0.6988962;0.6936054;427.0;0.2284859;False;14/04/2026 3:34:57 PM:635;1776144897635;;
718;363;0.6212614;0.6113538;0.6307809;0.6252114;427.0;0.215799;False;14/04/2026 3:34:57 PM:657;1776144897657;;
718;363;0.6212951;0.6113968;0.6242673;0.618669;426.9;0.2159798;False;14/04/2026 3:34:57 PM:676;1776144897676;;
718;363;0.6213254;0.6114357;0.6242664;0.6186681;426.9;0.2159715;False;14/04/2026 3:34:57 PM:696;1776144897696;;
719;363;0.6221969;0.6119454;0.6605428;0.6551171;427.3;0.2212966;False;14/04/2026 3:34:57 PM:718;1776144897718;;
720;363;0.6228749;0.6123456;0.6605671;0.6551414;427.7;0.221409;False;14/04/2026 3:34:57 PM:739;1776144897739;;
720;363;0.6234536;0.61269;0.6605935;0.6551678;428.0;0.2215311;False;14/04/2026 3:34:57 PM:758;1776144897758;;
721;364;0.6240017;0.6130189;0.6605763;0.6551506;428.3;0.2214512;False;14/04/2026 3:34:57 PM:779;1776144897779;;
721;364;0.6240804;0.6130983;0.6298382;0.6242638;429.2;0.2312251;False;14/04/2026 3:34:57 PM:800;1776144897800;;
721;364;0.62407;0.6131402;0.6234627;0.6178635;429.9;0.2315906;False;14/04/2026 3:34:57 PM:823;1776144897823;;
721;364;0.6241246;0.6131954;0.629849;0.6242746;430.6;0.2313181;False;14/04/2026 3:34:57 PM:843;1776144897843;;
721;364;0.6242695;0.61329;0.6471537;0.6416622;430.4;0.2282371;False;14/04/2026 3:34:57 PM:864;1776144897864;;
721;364;0.6243039;0.6133161;0.6375902;0.6320524;430.3;0.2284137;False;14/04/2026 3:34:57 PM:884;1776144897884;;
721;364;0.6243353;0.6133401;0.637583;0.6320451;430.1;0.2283493;False;14/04/2026 3:34:57 PM:903;1776144897903;;
710;361;0.6144522;0.6082401;0.5209653;0.5148942;427.9;0.2035792;False;14/04/2026 3:34:57 PM:927;1776144897927;;
701;358;0.6071633;0.6043302;0.5214692;0.515402;425.9;0.2036502;False;14/04/2026 3:34:57 PM:947;1776144897947;;
695;357;0.6012658;0.6010584;0.5210353;0.5149646;424.1;0.2036443;False;14/04/2026 3:34:57 PM:966;1776144897966;;
689;355;0.5963661;0.5982558;0.5214692;0.515402;422.5;0.2036501;False;14/04/2026 3:34:57 PM:986;1776144897986;;
679;352;0.588197;0.5935102;0.4955305;0.4893604;423.4;0.1920241;False;14/04/2026 3:34:58 PM:7;1776144898007;;
672;350;0.5821228;0.5898656;0.4955298;0.4893597;424.3;0.1920268;False;14/04/2026 3:34:58 PM:27;1776144898027;;
666;348;0.5767593;0.5865474;0.4955337;0.4893636;425.0;0.1920097;False;14/04/2026 3:34:58 PM:49;1776144898049;;
663;347;0.5736762;0.5845427;0.5075394;0.5014263;423.8;0.2079612;False;14/04/2026 3:34:58 PM:69;1776144898069;;
659;346;0.5708411;0.5826597;0.5075395;0.5014264;422.8;0.2079599;False;14/04/2026 3:34:58 PM:92;1776144898092;;
656;344;0.5676937;0.580583;0.4984571;0.4923067;421.9;0.2080259;False;14/04/2026 3:34:58 PM:113;1776144898113;;
654;344;0.5657909;0.5792614;0.5082896;0.5021796;422.8;0.2052331;False;14/04/2026 3:34:58 PM:135;1776144898135;;
651;343;0.5639488;0.5779897;0.5033093;0.4971807;423.5;0.2052743;False;14/04/2026 3:34:58 PM:154;1776144898154;;
650;342;0.5623224;0.5768517;0.5033065;0.497178;424.2;0.2052812;False;14/04/2026 3:34:58 PM:175;1776144898175;;
649;342;0.5615131;0.5762491;0.5133396;0.5072547;422.2;0.2073739;False;14/04/2026 3:34:58 PM:197;1776144898197;;
647;341;0.5604611;0.5754915;0.5058976;0.4997829;420.4;0.2077579;False;14/04/2026 3:34:58 PM:217;1776144898217;;
646;341;0.5594169;0.5747319;0.5058986;0.4997839;418.8;0.2077084;False;14/04/2026 3:34:58 PM:239;1776144898239;;
646;341;0.55904;0.5744383;0.515006;0.5089258;421.8;0.2165826;False;14/04/2026 3:34:58 PM:259;1776144898259;;
645;341;0.5587323;0.5741976;0.5149765;0.5088993;424.6;0.216943;False;14/04/2026 3:34:58 PM:279;1776144898279;;
645;340;0.5584259;0.5739565;0.5149771;0.5088999;427.0;0.2168741;False;14/04/2026 3:34:58 PM:301;1776144898301;;
645;340;0.5581884;0.5737688;0.5149783;0.5089011;429.3;0.2167323;False;14/04/2026 3:34:58 PM:320;1776144898320;;
642;339;0.5557135;0.5720928;0.4822762;0.4760648;431.6;0.2058661;False;14/04/2026 3:34:58 PM:341;1776144898341;;
640;338;0.5536654;0.5706863;0.4822777;0.4760663;433.8;0.205862;False;14/04/2026 3:34:58 PM:362;1776144898362;;
638;338;0.5520241;0.569546;0.4822767;0.4760653;435.7;0.2058648;False;14/04/2026 3:34:58 PM:381;1776144898381;;
636;337;0.5508656;0.5687131;0.4881937;0.4820044;437.0;0.2128173;False;14/04/2026 3:34:58 PM:402;1776144898402;;
635;337;0.5499561;0.5680543;0.4881938;0.4820045;438.1;0.2128139;False;14/04/2026 3:34:58 PM:422;1776144898422;;
635;337;0.5495665;0.5677579;0.4957595;0.4896078;439.1;0.2128923;False;14/04/2026 3:34:58 PM:439;1776144898439;;
634;336;0.5488998;0.567262;0.4910417;0.4848558;438.8;0.2152976;False;14/04/2026 3:34:58 PM:463;1776144898463;;
633;336;0.5483303;0.5668358;0.4910401;0.4848542;438.4;0.215374;False;14/04/2026 3:34:58 PM:485;1776144898485;;
633;336;0.5480832;0.5666428;0.4956182;0.4894477;438.1;0.2152905;False;14/04/2026 3:34:58 PM:506;1776144898506;;
633;336;0.5477586;0.5663609;0.5102453;0.5041481;438.0;0.2081834;False;14/04/2026 3:34:58 PM:527;1776144898527;;
633;336;0.547657;0.5662742;0.5039546;0.4978302;438.0;0.208247;False;14/04/2026 3:34:58 PM:550;1776144898550;;
632;336;0.5475742;0.5662029;0.5039499;0.4978256;437.9;0.2083902;False;14/04/2026 3:34:58 PM:569;1776144898569;;
638;337;0.5525243;0.5677505;0.6054409;0.5997598;438.9;0.1982695;False;14/04/2026 3:34:58 PM:593;1776144898593;;
641;337;0.5553466;0.5685731;0.598764;0.5930526;439.9;0.198335;False;14/04/2026 3:34:58 PM:612;1776144898612;;
644;338;0.557844;0.5693222;0.59878;0.5930686;440.7;0.198502;False;14/04/2026 3:34:58 PM:631;1776144898631;;
668;344;0.5785217;0.5795612;0.709501;0.7047763;441.5;0.1830291;False;14/04/2026 3:34:58 PM:654;1776144898654;;
685;348;0.5932485;0.5872722;0.7095032;0.7047787;442.3;0.1830871;False;14/04/2026 3:34:58 PM:674;1776144898674;;
699;352;0.6049997;0.5937536;0.7104926;0.7059353;443.0;0.1831534;False;14/04/2026 3:34:58 PM:693;1776144898693;;
711;356;0.6156552;0.5999319;0.7104924;0.7059351;443.7;0.1831495;False;14/04/2026 3:34:58 PM:717;1776144898717;;
716;357;0.6198758;0.6025612;0.683861;0.679224;443.4;0.200999;False;14/04/2026 3:34:58 PM:736;1776144898736;;
721;359;0.6237678;0.6050431;0.68662;0.6820647;443.1;0.2017833;False;14/04/2026 3:34:58 PM:756;1776144898756;;
724;360;0.6269765;0.6071488;0.6853379;0.6807479;442.8;0.2014419;False;14/04/2026 3:34:58 PM:777;1776144898777;;
729;362;0.6306399;0.6095498;0.6956829;0.6913298;443.1;0.2117251;False;14/04/2026 3:34:58 PM:797;1776144898797;;
732;363;0.6335424;0.611492;0.696044;0.691699;443.4;0.2124208;False;14/04/2026 3:34:58 PM:816;1776144898816;;
735;364;0.6363342;0.6134017;0.6960312;0.6916859;443.7;0.2122738;False;14/04/2026 3:34:58 PM:837;1776144898837;;
736;364;0.6368409;0.6138249;0.6660695;0.6610771;443.6;0.2021903;False;14/04/2026 3:34:58 PM:861;1776144898861;;
736;364;0.6373429;0.6142346;0.6692268;0.6643327;443.6;0.2029495;False;14/04/2026 3:34:58 PM:881;1776144898881;;
737;365;0.6377026;0.6145399;0.666089;0.661097;443.6;0.2024649;False;14/04/2026 3:34:58 PM:903;1776144898903;;
737;365;0.6377083;0.6146777;0.6381052;0.632706;445.7;0.1955695;False;14/04/2026 3:34:58 PM:926;1776144898926;;
737;365;0.6377128;0.6147846;0.6381118;0.6327127;447.6;0.1956461;False;14/04/2026 3:34:58 PM:946;1776144898946;;
737;365;0.6377375;0.6148778;0.6406437;0.6352783;449.3;0.195803;False;14/04/2026 3:34:58 PM:966;1776144898966;;
737;365;0.6376507;0.6149751;0.6321349;0.6266364;446.9;0.2155445;False;14/04/2026 3:34:58 PM:989;1776144898989;;
736;365;0.6375339;0.615048;0.6297467;0.6242314;444.8;0.2162835;False;14/04/2026 3:34:59 PM:10;1776144899010;;
736;365;0.6374402;0.6151071;0.6297619;0.624247;442.9;0.2164896;False;14/04/2026 3:34:59 PM:29;1776144899029;;
736;365;0.6373482;0.6151655;0.6297633;0.6242484;441.1;0.2165093;False;14/04/2026 3:34:59 PM:51;1776144899051;;
736;365;0.6373451;0.6152066;0.6366664;0.6312174;442.4;0.2074383;False;14/04/2026 3:34:59 PM:73;1776144899073;;
736;365;0.6373425;0.6152408;0.6366841;0.631236;443.5;0.208217;False;14/04/2026 3:34:59 PM:93;1776144899093;;
736;365;0.6373399;0.6152731;0.6366562;0.6312075;444.5;0.2078965;False;14/04/2026 3:34:59 PM:115;1776144899115;;
735;365;0.6365919;0.6151025;0.6087375;0.6029643;444.4;0.2086412;False;14/04/2026 3:34:59 PM:135;1776144899135;;
735;365;0.6358228;0.6149071;0.6064256;0.6006417;444.4;0.2091633;False;14/04/2026 3:34:59 PM:158;1776144899158;;
734;365;0.635259;0.6147755;0.6087461;0.6029729;444.3;0.2087694;False;14/04/2026 3:34:59 PM:179;1776144899179;;
733;365;0.6345185;0.6145643;0.603428;0.59762;446.8;0.2194808;False;14/04/2026 3:34:59 PM:201;1776144899201;;
732;364;0.6338536;0.6143686;0.6025714;0.5967711;449.0;0.2196241;False;14/04/2026 3:34:59 PM:222;1776144899222;;
732;364;0.6333318;0.6142136;0.6025683;0.5967681;451.0;0.2197286;False;14/04/2026 3:34:59 PM:242;1776144899242;;
738;366;0.6389728;0.6178178;0.7092758;0.7044036;450.3;0.2083822;False;14/04/2026 3:34:59 PM:265;1776144899265;;
743;368;0.6432567;0.6206382;0.7092723;0.7043999;449.6;0.2083216;False;14/04/2026 3:34:59 PM:286;1776144899286;;
747;370;0.6467787;0.6230186;0.709282;0.70441;449.0;0.2084855;False;14/04/2026 3:34:59 PM:306;1776144899306;;
736;367;0.6375239;0.6188546;0.5406957;0.5346923;448.4;0.2245783;False;14/04/2026 3:34:59 PM:328;1776144899328;;
729;365;0.6310418;0.6158493;0.5430024;0.5370124;447.9;0.2248489;False;14/04/2026 3:34:59 PM:348;1776144899348;;
722;364;0.6251764;0.613039;0.5430147;0.5370246;447.4;0.2249155;False;14/04/2026 3:34:59 PM:368;1776144899368;;
714;361;0.6178165;0.6093272;0.5232089;0.517136;447.5;0.2297599;False;14/04/2026 3:34:59 PM:389;1776144899389;;
707;360;0.6124204;0.6065281;0.525524;0.5194597;447.7;0.230195;False;14/04/2026 3:34:59 PM:409;1776144899409;;
702;358;0.6076732;0.6039985;0.5254172;0.5193521;447.8;0.2301412;False;14/04/2026 3:34:59 PM:428;1776144899428;;
697;357;0.6033728;0.6016471;0.5254143;0.5193491;447.9;0.2300489;False;14/04/2026 3:34:59 PM:450;1776144899450;;
694;356;0.6006777;0.600131;0.5362206;0.5302072;445.9;0.2197357;False;14/04/2026 3:34:59 PM:473;1776144899473;;
691;355;0.5980711;0.5986508;0.5286906;0.5226424;444.1;0.2200218;False;14/04/2026 3:34:59 PM:493;1776144899493;;
688;354;0.5957469;0.5973088;0.5286889;0.5226406;442.5;0.2199844;False;14/04/2026 3:34:59 PM:513;1776144899513;;
681;352;0.5891294;0.5935284;0.4876319;0.4814269;443.1;0.1865821;False;14/04/2026 3:34:59 PM:533;1776144899533;;
675;350;0.5839728;0.5904979;0.4903784;0.4841866;443.7;0.1866835;False;14/04/2026 3:34:59 PM:554;1776144899554;;
670;349;0.5798821;0.5880414;0.4903846;0.4841928;444.1;0.1866205;False;14/04/2026 3:34:59 PM:573;1776144899573;;
669;348;0.5791177;0.5875349;0.5258867;0.5198467;443.9;0.1689156;False;14/04/2026 3:34:59 PM:594;1776144899594;;
668;348;0.5784826;0.5871112;0.5258787;0.5198386;443.7;0.1689905;False;14/04/2026 3:34:59 PM:613;1776144899613;;
668;348;0.5778553;0.5866899;0.525884;0.5198441;443.6;0.1689402;False;14/04/2026 3:34:59 PM:635;1776144899635;;
666;348;0.5768979;0.5860595;0.5193897;0.5133204;446.9;0.1639975;False;14/04/2026 3:34:59 PM:658;1776144899658;;
664;347;0.5747563;0.584711;0.4995713;0.4934066;449.9;0.1640947;False;14/04/2026 3:34:59 PM:677;1776144899677;;
662;346;0.5730435;0.5836039;0.5048304;0.4986927;452.7;0.1640524;False;14/04/2026 3:34:59 PM:700;1776144899700;;
662;346;0.5728429;0.5834605;0.5237362;0.5176835;453.9;0.1703871;False;14/04/2026 3:34:59 PM:723;1776144899723;;
660;346;0.5717194;0.5827221;0.5067713;0.5006385;455.0;0.1704052;False;14/04/2026 3:34:59 PM:743;1776144899743;;
659;345;0.5707381;0.5820718;0.5067713;0.5006385;456.0;0.1704053;False;14/04/2026 3:34:59 PM:763;1776144899763;;
659;345;0.5703574;0.5817721;0.5361116;0.5301246;456.1;0.1699654;False;14/04/2026 3:34:59 PM:785;1776144899785;;
658;345;0.5700096;0.5814965;0.5361087;0.5301217;456.3;0.1699775;False;14/04/2026 3:34:59 PM:806;1776144899806;;
658;345;0.5697411;0.5812826;0.5361079;0.530121;456.4;0.1699804;False;14/04/2026 3:34:59 PM:826;1776144899826;;
658;345;0.5692292;0.5809227;0.5172184;0.5111393;456.5;0.1700159;False;14/04/2026 3:34:59 PM:850;1776144899850;;
657;344;0.5690495;0.580791;0.5215347;0.5154782;454.3;0.1812768;False;14/04/2026 3:34:59 PM:872;1776144899872;;
656;344;0.5682465;0.580246;0.5085579;0.5024412;452.2;0.1814599;False;14/04/2026 3:34:59 PM:890;1776144899890;;
656;344;0.5678899;0.5799934;0.5155411;0.5094562;450.4;0.1814401;False;14/04/2026 3:34:59 PM:912;1776144899912;;
656;344;0.5678009;0.5799241;0.5248231;0.5187805;450.8;0.1767919;False;14/04/2026 3:34:59 PM:933;1776144899933;;
655;344;0.5671939;0.5795049;0.5100667;0.5039548;451.1;0.1768762;False;14/04/2026 3:34:59 PM:954;1776144899954;;
655;344;0.5666891;0.5791544;0.510074;0.5039622;451.4;0.1768523;False;14/04/2026 3:34:59 PM:972;1776144899972;;
654;343;0.5666039;0.579088;0.5223562;0.5163041;452.7;0.1779012;False;14/04/2026 3:34:59 PM:993;1776144899993;;
654;343;0.5665369;0.5790352;0.5221662;0.5161139;453.8;0.1779004;False;14/04/2026 3:35:00 PM:12;1776144900012;;
654;343;0.5662733;0.5788301;0.5269547;0.5209248;454.9;0.1779011;False;14/04/2026 3:35:00 PM:39;1776144900039;;
654;343;0.5660473;0.5783792;0.5596588;0.5537811;453.3;0.1745801;False;14/04/2026 3:35:00 PM:62;1776144900062;;
654;343;0.5658303;0.578198;0.5347427;0.5287479;452.0;0.174689;False;14/04/2026 3:35:00 PM:82;1776144900082;;
653;343;0.5656115;0.5780336;0.521576;0.5155169;450.8;0.1747316;False;14/04/2026 3:35:00 PM:103;1776144900103;;
653;343;0.5654419;0.5778945;0.5319528;0.525926;448.5;0.1740399;False;14/04/2026 3:35:00 PM:127;1776144900127;;
653;343;0.5653074;0.5777836;0.5319517;0.525925;446.5;0.1740524;False;14/04/2026 3:35:00 PM:147;1776144900147;;
653;343;0.5651828;0.5776803;0.5320036;0.5259762;444.7;0.1740995;False;14/04/2026 3:35:00 PM:169;1776144900169;;
653;343;0.5650709;0.5775869;0.5319527;0.525926;443.0;0.1740402;False;14/04/2026 3:35:00 PM:192;1776144900192;;
659;344;0.5706385;0.579771;0.6315552;0.6259972;444.3;0.1909914;False;14/04/2026 3:35:00 PM:213;1776144900213;;
662;344;0.5732451;0.5807009;0.6154432;0.6098077;445.5;0.1910508;False;14/04/2026 3:35:00 PM:234;1776144900234;;
665;345;0.5753951;0.5814874;0.6154443;0.6098086;446.6;0.1910446;False;14/04/2026 3:35:00 PM:254;1776144900254;;
668;346;0.5783421;0.5827011;0.6270816;0.6215051;447.9;0.1904648;False;14/04/2026 3:35:00 PM:276;1776144900276;;
671;346;0.5809315;0.5837959;0.6270812;0.6215048;449.2;0.1904553;False;14/04/2026 3:35:00 PM:299;1776144900299;;
673;347;0.5829793;0.584681;0.6270813;0.6215048;450.3;0.1904593;False;14/04/2026 3:35:00 PM:320;1776144900320;;
687;350;0.5943349;0.5904959;0.7011665;0.696152;450.5;0.1756964;False;14/04/2026 3:35:00 PM:342;1776144900342;;
698;354;0.6045758;0.5959902;0.7104404;0.7055867;450.8;0.1758031;False;14/04/2026 3:35:00 PM:362;1776144900362;;
707;356;0.6124539;0.6003747;0.7104386;0.7055849;451.0;0.1757727;False;14/04/2026 3:35:00 PM:382;1776144900382;;
710;357;0.6147659;0.6017573;0.6657087;0.6604861;448.7;0.1732914;False;14/04/2026 3:35:00 PM:406;1776144900406;;
712;357;0.6162214;0.6026482;0.6625051;0.6572428;446.6;0.1732142;False;14/04/2026 3:35:00 PM:427;1776144900427;;
715;358;0.6186332;0.6040972;0.6783285;0.6732115;444.7;0.1733243;False;14/04/2026 3:35:00 PM:446;1776144900446;;
718;360;0.6218764;0.6060868;0.6863967;0.681758;444.1;0.1848311;False;14/04/2026 3:35:00 PM:471;1776144900471;;
721;360;0.6243511;0.6076338;0.6864051;0.6817666;443.5;0.1849446;False;14/04/2026 3:35:00 PM:493;1776144900493;;
724;361;0.6263814;0.6089237;0.6864039;0.6817653;443.0;0.1849277;False;14/04/2026 3:35:00 PM:514;1776144900514;;
726;362;0.6285746;0.6103209;0.692504;0.688016;441.2;0.2005816;False;14/04/2026 3:35:00 PM:535;1776144900535;;
727;362;0.6295607;0.6109818;0.6800519;0.6753662;439.6;0.2007385;False;14/04/2026 3:35:00 PM:555;1776144900555;;
729;363;0.6309235;0.6118803;0.6875708;0.6830111;438.2;0.2006535;False;14/04/2026 3:35:00 PM:576;1776144900576;;
729;363;0.6309378;0.6118914;0.6627067;0.6576015;440.9;0.194317;False;14/04/2026 3:35:00 PM:598;1776144900598;;
729;363;0.6311345;0.6120341;0.6686067;0.6636242;443.4;0.1947992;False;14/04/2026 3:35:00 PM:617;1776144900617;;
729;363;0.6311689;0.6120608;0.6642049;0.6591401;445.6;0.1946146;False;14/04/2026 3:35:00 PM:638;1776144900638;;
729;363;0.6311995;0.6120849;0.6642015;0.6591367;447.6;0.1945759;False;14/04/2026 3:35:00 PM:658;1776144900658;;
727;363;0.6294419;0.6115323;0.5990853;0.5932367;448.3;0.1889437;False;14/04/2026 3:35:00 PM:680;1776144900680;;
726;362;0.6280438;0.6110827;0.599089;0.5932404;448.9;0.1887998;False;14/04/2026 3:35:00 PM:702;1776144900702;;
724;362;0.6269416;0.6107215;0.5990824;0.5932339;449.5;0.1890561;False;14/04/2026 3:35:00 PM:722;1776144900722;;
724;362;0.6265729;0.6106698;0.6126789;0.6069488;448.9;0.2099945;False;14/04/2026 3:35:00 PM:743;1776144900743;;
724;362;0.6265485;0.6107337;0.6248339;0.619241;448.4;0.2097964;False;14/04/2026 3:35:00 PM:767;1776144900767;;
724;362;0.6265305;0.6107811;0.6248328;0.6192399;448.0;0.2097822;False;14/04/2026 3:35:00 PM:787;1776144900787;;
724;362;0.6267852;0.6109774;0.6487685;0.6434352;447.5;0.213845;False;14/04/2026 3:35:00 PM:809;1776144900809;;
725;363;0.6273189;0.611353;0.6584438;0.6532688;447.1;0.2141167;False;14/04/2026 3:35:00 PM:831;1776144900831;;
725;363;0.627778;0.6116787;0.6584381;0.6532632;446.7;0.2140025;False;14/04/2026 3:35:00 PM:850;1776144900850;;
726;363;0.6281374;0.6119424;0.6563761;0.6512557;448.5;0.2088532;False;14/04/2026 3:35:00 PM:872;1776144900872;;
726;363;0.6284294;0.6121579;0.6563803;0.6512598;450.2;0.2089362;False;14/04/2026 3:35:00 PM:894;1776144900894;;
726;363;0.628677;0.6123417;0.6563783;0.6512577;451.6;0.2088956;False;14/04/2026 3:35:00 PM:913;1776144900913;;
727;364;0.6293592;0.6128005;0.6665023;0.6611816;450.9;0.201556;False;14/04/2026 3:35:00 PM:936;1776144900936;;
728;364;0.6298562;0.6131372;0.6665002;0.6611795;450.2;0.2015655;False;14/04/2026 3:35:00 PM:955;1776144900955;;
728;364;0.6300853;0.6133021;0.6602624;0.6549689;449.6;0.2016491;False;14/04/2026 3:35:00 PM:974;1776144900974;;
728;364;0.6304057;0.6135273;0.6633956;0.6581069;449.0;0.2015865;False;14/04/2026 3:35:00 PM:996;1776144900996;;
721;362;0.6245651;0.610844;0.5554398;0.549526;447.4;0.2131915;False;14/04/2026 3:35:01 PM:17;1776144901017;;
717;361;0.6205311;0.6089511;0.5602596;0.5543665;446.0;0.2129167;False;14/04/2026 3:35:01 PM:37;1776144901037;;
707;359;0.6123686;0.6048028;0.5284733;0.5224352;445.2;0.208525;False;14/04/2026 3:35:01 PM:61;1776144901061;;
699;356;0.6050095;0.6009089;0.5156311;0.5095302;444.6;0.2083798;False;14/04/2026 3:35:01 PM:81;1776144901081;;
692;355;0.5992275;0.5977383;0.5217549;0.5156836;443.9;0.2084095;False;14/04/2026 3:35:01 PM:102;1776144901102;;
688;353;0.5954351;0.5955891;0.5295642;0.5235314;443.4;0.2084685;False;14/04/2026 3:35:01 PM:122;1776144901122;;
681;351;0.5892643;0.5920412;0.5090371;0.5029247;444.1;0.1707038;False;14/04/2026 3:35:01 PM:147;1776144901147;;
676;350;0.5851434;0.5895936;0.513464;0.5073743;444.7;0.1707602;False;14/04/2026 3:35:01 PM:169;1776144901169;;
667;347;0.5777758;0.585206;0.4871998;0.4809762;447.6;0.1540048;False;14/04/2026 3:35:01 PM:193;1776144901193;;
661;345;0.5724043;0.5819122;0.4872001;0.4809765;450.2;0.1540052;False;14/04/2026 3:35:01 PM:214;1776144901214;;
657;344;0.5685867;0.5794916;0.4923682;0.4861717;452.5;0.153971;False;14/04/2026 3:35:01 PM:236;1776144901236;;
653;342;0.5651023;0.5772183;0.4944615;0.4882754;451.4;0.1545776;False;14/04/2026 3:35:01 PM:261;1776144901261;;
649;341;0.5619001;0.5751374;0.4854429;0.479216;450.3;0.15446;False;14/04/2026 3:35:01 PM:281;1776144901281;;
646;340;0.558934;0.5731727;0.4854262;0.4791991;449.4;0.1543802;False;14/04/2026 3:35:01 PM:302;1776144901302;;
643;339;0.5564837;0.5715224;0.485443;0.4792161;448.6;0.1544608;False;14/04/2026 3:35:01 PM:323;1776144901323;;
641;338;0.5548022;0.5703506;0.4913493;0.4851531;448.2;0.1637342;False;14/04/2026 3:35:01 PM:344;1776144901344;;
639;338;0.5534695;0.56941;0.4917754;0.4855793;447.9;0.1636856;False;14/04/2026 3:35:01 PM:365;1776144901365;;
638;337;0.5523512;0.5686132;0.4917744;0.4855784;447.7;0.163682;False;14/04/2026 3:35:01 PM:384;1776144901384;;
636;337;0.5509676;0.5676308;0.4885428;0.482334;447.1;0.1680322;False;14/04/2026 3:35:01 PM:407;1776144901407;;
636;336;0.5502076;0.5670739;0.4934335;0.487249;446.6;0.1681259;False;14/04/2026 3:35:01 PM:427;1776144901427;;
635;336;0.549531;0.566577;0.4926511;0.4864602;446.1;0.1679696;False;14/04/2026 3:35:01 PM:446;1776144901446;;
642;338;0.5562047;0.5690295;0.6200012;0.6143928;447.8;0.179262;False;14/04/2026 3:35:01 PM:469;1776144901469;;
648;339;0.5610204;0.5708665;0.6200004;0.614392;449.3;0.1792616;False;14/04/2026 3:35:01 PM:488;1776144901488;;
652;339;0.5643758;0.5721068;0.6113019;0.6056522;450.7;0.1792459;False;14/04/2026 3:35:01 PM:512;1776144901512;;
657;340;0.5688324;0.5739794;0.6260915;0.620512;450.9;0.20992;False;14/04/2026 3:35:01 PM:534;1776144901534;;
659;341;0.5706127;0.5746717;0.609728;0.6040711;451.0;0.209912;False;14/04/2026 3:35:01 PM:554;1776144901554;;
660;341;0.5713722;0.5749161;0.5958216;0.5901003;451.1;0.20991;False;14/04/2026 3:35:01 PM:574;1776144901574;;
663;342;0.5736356;0.575878;0.6175674;0.6119502;448.2;0.2125736;False;14/04/2026 3:35:01 PM:598;1776144901598;;
664;342;0.5747272;0.5763252;0.6093932;0.6037387;445.5;0.212675;False;14/04/2026 3:35:01 PM:617;1776144901617;;
665;342;0.5757087;0.5767331;0.6093982;0.6037436;443.1;0.212657;False;14/04/2026 3:35:01 PM:638;1776144901638;;
666;342;0.5768817;0.5772426;0.6139668;0.60833;444.6;0.212043;False;14/04/2026 3:35:01 PM:660;1776144901660;;
667;343;0.5778124;0.577652;0.613938;0.6083009;445.9;0.2120835;False;14/04/2026 3:35:01 PM:680;1776144901680;;
668;343;0.5786297;0.5780157;0.6139413;0.6083042;447.1;0.2120791;False;14/04/2026 3:35:01 PM:701;1776144901701;;
669;343;0.5793941;0.5783597;0.6139416;0.6083045;448.2;0.2120787;False;14/04/2026 3:35:01 PM:723;1776144901723;;
679;346;0.5875292;0.5825475;0.6825769;0.67722;447.8;0.2168794;False;14/04/2026 3:35:01 PM:746;1776144901746;;
685;347;0.5931597;0.5855321;0.6825705;0.6772137;447.5;0.216916;False;14/04/2026 3:35:01 PM:766;1776144901766;;
690;349;0.5974346;0.5878552;0.679482;0.6740989;447.3;0.2169708;False;14/04/2026 3:35:01 PM:785;1776144901785;;
691;349;0.5977508;0.5880418;0.6294323;0.623825;447.9;0.2119589;False;14/04/2026 3:35:01 PM:811;1776144901811;;
691;349;0.5977908;0.5880683;0.6190584;0.6134079;448.4;0.2119954;False;14/04/2026 3:35:01 PM:832;1776144901832;;
691;349;0.5978315;0.5880955;0.6190618;0.6134113;448.9;0.2119915;False;14/04/2026 3:35:01 PM:856;1776144901856;;
694;350;0.6012071;0.5899827;0.6726169;0.6671811;446.9;0.2057872;False;14/04/2026 3:35:01 PM:879;1776144901879;;
698;351;0.6040618;0.5916066;0.6743681;0.6689284;445.1;0.2057347;False;14/04/2026 3:35:01 PM:901;1776144901901;;
700;352;0.6063291;0.5929214;0.6725944;0.6671585;443.5;0.2057716;False;14/04/2026 3:35:01 PM:922;1776144901922;;
701;352;0.606483;0.5930926;0.6132584;0.6076211;440.8;0.2176596;False;14/04/2026 3:35:01 PM:946;1776144901946;;
701;352;0.6065316;0.5932115;0.6085906;0.6029286;438.3;0.217684;False;14/04/2026 3:35:01 PM:968;1776144901968;;
701;352;0.6066287;0.5932786;0.6345643;0.6290228;437.8;0.2152937;False;14/04/2026 3:35:01 PM:992;1776144901992;;
701;352;0.6067556;0.5933798;0.6215206;0.6159179;437.5;0.2152877;False;14/04/2026 3:35:02 PM:13;1776144902013;;
701;352;0.6069717;0.5935217;0.6389351;0.6334162;437.1;0.2152665;False;14/04/2026 3:35:02 PM:32;1776144902032;;
702;352;0.6079698;0.5941344;0.654386;0.6489354;438.1;0.2144965;False;14/04/2026 3:35:02 PM:55;1776144902055;;
703;353;0.6083851;0.5943989;0.6472887;0.6418082;438.9;0.2145063;False;14/04/2026 3:35:02 PM:75;1776144902075;;
703;353;0.6087428;0.5946281;0.6472353;0.6417552;439.7;0.2144857;False;14/04/2026 3:35:02 PM:94;1776144902094;;
704;353;0.6090807;0.5948458;0.6472332;0.6417531;440.4;0.2144843;False;14/04/2026 3:35:02 PM:115;1776144902115;;
705;353;0.6103774;0.5956331;0.6647185;0.6592729;439.0;0.2108188;False;14/04/2026 3:35:02 PM:138;1776144902138;;
706;354;0.6115164;0.596342;0.6607335;0.6552781;437.8;0.2108098;False;14/04/2026 3:35:02 PM:169;1776144902169;;
707;354;0.6122377;0.5967985;0.6590818;0.6536376;436.7;0.2108164;False;14/04/2026 3:35:02 PM:196;1776144902196;;
707;354;0.6123923;0.596903;0.6508712;0.6454081;437.1;0.2207727;False;14/04/2026 3:35:02 PM:218;1776144902218;;
708;354;0.6126773;0.5971124;0.6375362;0.6320134;437.4;0.2207184;False;14/04/2026 3:35:02 PM:249;1776144902249;;
